1	1	τί
1	2	τηνικάδε
1	3	ἀφῖξαι
1	5	ὦ
1	6	Κρίτων
2	1	ἢ
2	2	οὐ
2	3	πρῲ
2	4	ἔτι
2	5	ἐστίν
3	1	πάνυ
3	2	μὲν
3	3	οὖν
4	1	πηνίκα
4	2	μάλιστα
5	1	ὄρθρος
5	2	βαθύς
6	1	θαυμάζω
6	2	ὅπως
6	3	ἠθέλησέ
6	4	σοι
6	7	δεσμωτηρίου
6	8	φύλαξ
6	9	ὑπακοῦσαι
7	1	συνήθης
7	2	ἤδη
7	3	μοί
7	4	ἐστιν
7	6	ὦ
7	7	Σώκρατες
7	9	διὰ
7	11	πολλάκις
7	12	δεῦρο
7	13	φοιτᾶν
7	15	καί
7	16	τι
7	17	καὶ
7	18	εὐεργέτηται
7	19	ὑπ’
7	20	ἐμοῦ
8	1	ἄρτι
8	2	δὲ
8	3	ἥκεις
8	4	ἢ
9	1	ἐπιεικῶς
9	2	πάλαι
10	1	εἶτα
10	2	πῶς
10	3	οὐκ
10	4	εὐθὺς
10	5	ἐπήγειράς
10	6	με
10	8	ἀλλὰ
10	9	σιγῇ
10	10	παρακάθησαι
11	1	οὐ
11	2	μὰ
11	3	τὸν
11	4	Δία
11	6	ὦ
11	7	Σώκρατες
11	9	οὐδ’
11	10	ἂν
11	11	αὐτὸς
11	12	ἤθελον
11	13	ἐν
11	14	τοσαύτῃ
11	16	ἀγρυπνίᾳ
11	17	καὶ
11	18	λύπῃ
11	19	εἶναι
11	21	ἀλλὰ
11	22	καὶ
11	23	σοῦ
11	24	πάλαι
11	25	θαυμάζω
11	26	αἰσθανόμενος
11	27	ὡς
11	28	ἡδέως
11	29	καθεύδεις
12	1	καὶ
12	2	ἐπίτηδές
12	3	σε
12	4	οὐκ
12	5	ἤγειρον
12	6	ἵνα
12	7	ὡς
12	8	ἥδιστα
12	9	διάγῃς
13	2	πολλάκις
13	5	σε
13	7	πρότερον
13	8	ἐν
13	9	παντὶ
13	10	τῷ
13	11	βίῳ
13	12	ηὐδαιμόνισα
13	13	τοῦ
13	14	τρόπου
13	16	πολὺ
13	17	δὲ
13	18	μάλιστα
13	20	τῇ
13	21	νῦν
13	22	παρεστώσῃ
13	23	συμφορᾷ
13	25	ὡς
13	26	ῥᾳδίως
13	28	καὶ
13	29	πρᾴως
13	30	φέρεις
14	2	γὰρ
14	3	ἄν
14	5	ὦ
14	6	Κρίτων
14	8	πλημμελὲς
14	9	εἴη
14	10	ἀγανακτεῖν
14	11	τηλικοῦτον
14	13	εἰ
14	14	δεῖ
14	15	ἤδη
14	16	τελευτᾶν
15	1	καὶ
15	2	ἄλλοι
15	4	ὦ
15	5	Σώκρατες
15	7	τηλικοῦτοι
15	8	ἐν
15	9	τοιαύταις
15	10	συμφοραῖς
15	11	ἁλίσκονται
15	13	ἀλλ’
15	14	οὐδὲν
15	15	αὐτοὺς
15	16	ἐπιλύεται
15	18	ἡλικία
15	19	τὸ
15	20	μὴ
15	21	οὐχὶ
15	22	ἀγανακτεῖν
15	23	τῇ
15	24	παρούσῃ
15	25	τύχῃ
16	1	ἔστι
16	2	ταῦτα
17	1	ἀλλὰ
17	2	τί
17	4	οὕτω
17	5	πρῲ
17	6	ἀφῖξαι
18	1	ἀγγελίαν
18	3	ὦ
18	4	Σώκρατες
18	6	φέρων
18	7	χαλεπήν
18	9	οὐ
18	10	σοί
18	12	ὡς
18	13	ἐμοὶ
18	14	φαίνεται
18	16	ἀλλ’
18	17	ἐμοὶ
18	18	καὶ
18	19	τοῖς
18	20	σοῖς
18	21	ἐπιτηδείοις
18	22	πᾶσιν
18	23	καὶ
18	24	χαλεπὴν
18	25	καὶ
18	26	βαρεῖαν
18	29	ἐγώ
18	31	ὡς
18	32	ἐμοὶ
18	33	δοκῶ
18	35	ἐν
18	36	τοῖς
18	37	βαρύτατ’
18	38	ἂν
18	39	ἐνέγκαιμι
19	1	τίνα
20	1	ἢ
20	2	τὸ
20	3	πλοῖον
20	4	ἀφῖκται
20	5	ἐκ
20	6	Δήλου
20	8	οὗ
20	9	δεῖ
20	10	ἀφικομένου
20	11	τεθνάναι
20	12	με
21	1	οὔτοι
21	2	δὴ
21	3	ἀφῖκται
21	5	ἀλλὰ
21	6	δοκεῖν
21	8	μοι
21	9	ἥξει
21	10	τήμερον
21	11	ἐξ
21	12	ὧν
21	13	ἀπαγγέλλουσιν
21	14	ἥκοντές
21	15	τινες
21	16	ἀπὸ
21	17	Σουνίου
21	18	καὶ
21	19	καταλιπόντες
21	20	ἐκεῖ
21	21	αὐτό
22	1	δῆλον
22	3	ἐκ
22	4	τούτων
22	6	ἀγγέλων
22	7	ὅτι
22	8	ἥξει
22	9	τήμερον
22	12	ἀνάγκη
22	13	δὴ
22	14	εἰς
22	15	αὔριον
22	16	ἔσται
22	18	ὦ
22	19	Σώκρατες
22	22	βίον
22	23	σε
22	24	τελευτᾶν
23	1	ἀλλ’
23	3	ὦ
23	4	Κρίτων
23	6	τύχῃ
23	7	ἀγαθῇ
23	9	εἰ
23	10	ταύτῃ
23	12	θεοῖς
23	13	φίλον
23	15	ταύτῃ
23	16	ἔστω
24	1	οὐ
24	2	μέντοι
24	3	οἶμαι
24	4	ἥξειν
24	6	τήμερον
25	1	πόθεν
25	2	τοῦτο
25	3	τεκμαίρῃ
26	2	σοι
26	3	ἐρῶ
27	2	γάρ
27	3	που
27	4	ὑστεραίᾳ
27	5	δεῖ
27	6	με
27	7	ἀποθνῄσκειν
27	8	ἢ
27	9	ᾗ
27	10	ἂν
27	11	ἔλθῃ
27	12	τὸ
28	1	φασί
28	2	γέ
28	3	τοι
28	4	δὴ
28	6	τούτων
28	7	κύριοι
29	1	οὐ
29	2	τοίνυν
29	4	ἐπιούσης
29	5	ἡμέρας
29	6	οἶμαι
29	7	αὐτὸ
29	8	ἥξειν
29	9	ἀλλὰ
29	11	ἑτέρας
30	1	τεκμαίρομαι
30	3	ἔκ
30	4	τινος
30	5	ἐνυπνίου
30	6	ὃ
30	7	ἑώρακα
30	8	ὀλίγον
30	9	πρότερον
30	12	νυκτός
31	2	κινδυνεύεις
31	3	ἐν
31	4	καιρῷ
31	5	τινι
31	6	οὐκ
31	7	ἐγεῖραί
31	8	με
32	1	ἦν
32	2	δὲ
32	4	τί
32	5	τὸ
32	6	ἐνύπνιον
33	1	ἐδόκει
33	3	μοι
33	4	γυνὴ
33	5	προσελθοῦσα
33	6	καλὴ
33	7	καὶ
33	8	εὐειδής
33	10	λευκὰ
33	11	ἱμάτια
33	12	ἔχουσα
33	14	καλέσαι
33	15	με
33	16	καὶ
33	17	εἰπεῖν
34	1	ὦ
34	2	Σώκρατες
34	4	ἤματί
34	5	κεν
34	6	τριτάτῳ
34	7	Φθίην
34	8	ἐρίβωλον
34	9	ἵκοιο
35	1	ἄτοπον
35	3	ἐνύπνιον
35	5	ὦ
35	6	Σώκρατες
36	1	ἐναργὲς
36	2	μὲν
36	3	οὖν
36	7	μοι
36	8	δοκεῖ
36	10	ὦ
36	11	Κρίτων
37	1	λίαν
37	2	γε
37	4	ὡς
37	5	ἔοικεν
38	1	ἀλλ’
38	3	ὦ
38	4	δαιμόνιε
38	5	Σώκρατες
38	8	καὶ
38	9	νῦν
38	10	ἐμοὶ
38	11	πιθοῦ
38	12	καὶ
38	13	σώθητι
39	1	ὡς
39	2	ἐμοί
39	4	ἐὰν
39	5	σὺ
39	6	ἀποθάνῃς
39	8	οὐ
39	9	μία
39	10	συμφορά
39	11	ἐστιν
39	13	ἀλλὰ
39	15	μὲν
39	16	τοῦ
39	17	ἐστερῆσθαι
39	18	τοιούτου
39	19	ἐπιτηδείου
39	20	οἷον
39	22	οὐδένα
39	23	μή
39	24	ποτε
39	25	εὑρήσω
39	28	δὲ
39	29	καὶ
39	30	πολλοῖς
39	31	δόξω
39	33	οἳ
39	34	ἐμὲ
39	35	καὶ
39	36	σὲ
39	37	μὴ
39	38	σαφῶς
39	39	ἴσασιν
39	41	ὡς
39	42	οἷός
39	43	τ’
39	44	ὤν
39	45	σε
39	46	σῴζειν
39	47	εἰ
39	48	ἤθελον
39	49	ἀναλίσκειν
39	50	χρήματα
39	52	ἀμελῆσαι
40	1	καίτοι
40	2	τίς
40	4	αἰσχίων
40	5	εἴη
40	6	ταύτης
40	7	δόξα
40	8	ἢ
40	9	δοκεῖν
40	10	χρήματα
40	11	περὶ
40	12	πλείονος
40	13	ποιεῖσθαι
40	14	ἢ
40	15	φίλους
41	1	οὐ
41	2	γὰρ
41	3	πείσονται
41	4	οἱ
41	5	πολλοὶ
41	6	ὡς
41	7	σὺ
41	8	αὐτὸς
41	9	οὐκ
41	10	ἠθέλησας
41	11	ἀπιέναι
41	12	ἐνθένδε
41	13	ἡμῶν
41	14	προθυμουμένων
42	1	ἀλλὰ
42	2	τί
42	3	ἡμῖν
42	5	ὦ
42	6	μακάριε
42	7	Κρίτων
42	9	οὕτω
42	11	τῶν
42	12	πολλῶν
42	13	δόξης
42	14	μέλει
43	2	γὰρ
43	3	ἐπιεικέστατοι
43	5	ὧν
43	6	μᾶλλον
43	7	ἄξιον
43	8	φροντίζειν
43	10	ἡγήσονται
43	11	αὐτὰ
43	12	οὕτω
43	13	πεπρᾶχθαι
44	1	ἀλλ’
44	2	ὁρᾷς
44	3	δὴ
44	4	ὅτι
44	5	ἀνάγκη
44	7	ὦ
44	8	Σώκρατες
44	12	τῶν
44	13	πολλῶν
44	14	δόξης
44	15	μέλειν
45	1	αὐτὰ
45	3	δῆλα
45	4	τὰ
45	5	παρόντα
45	6	νυνὶ
45	8	οἷοί
45	9	τ’
45	10	εἰσὶν
45	11	οἱ
45	12	πολλοὶ
45	13	οὐ
45	15	σμικρότατα
45	16	τῶν
45	17	κακῶν
45	18	ἐξεργάζεσθαι
45	19	ἀλλὰ
45	21	μέγιστα
45	22	σχεδόν
45	24	ἐάν
45	25	τις
45	28	διαβεβλημένος
45	29	ᾖ
46	1	εἰ
46	3	ὤφελον
46	5	ὦ
46	6	Κρίτων
46	8	οἷοί
46	9	τ’
46	10	εἶναι
46	11	οἱ
46	12	πολλοὶ
46	13	τὰ
46	14	μέγιστα
46	15	κακὰ
46	16	ἐργάζεσθαι
46	18	ἵνα
46	19	οἷοί
46	21	ἦσαν
46	22	καὶ
46	23	ἀγαθὰ
46	25	μέγιστα
46	28	καλῶς
46	29	ἂν
46	30	εἶχεν
47	1	νῦν
47	2	δὲ
47	3	οὐδέτερα
47	4	οἷοί
47	5	τε
48	1	οὔτε
48	2	γὰρ
48	3	φρόνιμον
48	4	οὔτε
48	5	ἄφρονα
48	6	δυνατοὶ
48	7	ποιῆσαι
48	9	ποιοῦσι
48	10	δὲ
48	12	ὅτι
48	13	ἂν
48	14	τύχωσι
49	1	ταῦτα
49	2	μὲν
49	3	δὴ
49	4	οὕτως
49	5	ἐχέτω
50	1	τάδε
50	2	δέ
50	4	ὦ
50	5	Σώκρατες
50	7	εἰπέ
50	8	μοι
51	1	ἆρά
51	2	γε
51	3	μὴ
51	4	ἐμοῦ
51	5	προμηθῇ
51	6	καὶ
51	7	τῶν
51	8	ἄλλων
51	9	ἐπιτηδείων
51	12	ἐὰν
51	13	σὺ
51	14	ἐνθένδε
51	15	ἐξέλθῃς
51	18	συκοφάνται
51	19	ἡμῖν
51	20	πράγματα
51	21	παρέχωσιν
51	22	ὡς
51	23	σὲ
51	24	ἐνθένδε
51	25	ἐκκλέψασιν
51	28	ἀναγκασθῶμεν
51	29	ἢ
51	30	καὶ
51	31	πᾶσαν
51	33	οὐσίαν
51	34	ἀποβαλεῖν
51	35	ἢ
51	36	συχνὰ
51	37	χρήματα
51	39	ἢ
51	40	καὶ
51	41	ἄλλο
51	42	τι
51	43	πρὸς
51	44	τούτοις
51	45	παθεῖν
52	1	εἰ
52	2	γάρ
52	3	τι
52	4	τοιοῦτον
52	5	φοβῇ
52	7	ἔασον
52	8	αὐτὸ
52	9	χαίρειν
53	1	ἡμεῖς
53	2	γάρ
53	4	δίκαιοί
53	5	ἐσμεν
53	6	σώσαντές
53	7	σε
53	8	κινδυνεύειν
53	9	τοῦτον
53	11	κίνδυνον
53	12	καὶ
53	13	ἐὰν
53	14	δέῃ
53	15	ἔτι
53	16	τούτου
53	17	μείζω
54	1	ἀλλ’
54	2	ἐμοὶ
54	3	πείθου
54	4	καὶ
54	5	μὴ
54	6	ἄλλως
54	7	ποίει
55	2	ταῦτα
55	3	προμηθοῦμαι
55	5	ὦ
55	6	Κρίτων
55	8	καὶ
55	9	ἄλλα
55	10	πολλά
56	1	μήτε
56	2	τοίνυν
56	3	ταῦτα
56	4	φοβοῦ
56	7	γὰρ
56	8	οὐδὲ
56	9	πολὺ
56	10	τἀργύριόν
56	13	θέλουσι
56	14	λαβόντες
56	15	τινὲς
56	16	σῶσαί
56	17	σε
56	18	καὶ
56	19	ἐξαγαγεῖν
56	20	ἐνθένδε
57	1	ἔπειτα
57	2	οὐχ
57	3	ὁρᾷς
57	4	τούτους
57	6	συκοφάντας
57	7	ὡς
57	8	εὐτελεῖς
57	11	οὐδὲν
57	12	ἂν
57	13	δέοι
57	14	ἐπ’
57	15	αὐτοὺς
57	16	πολλοῦ
57	17	ἀργυρίου
58	1	σοὶ
58	3	ὑπάρχει
58	4	μὲν
58	6	ἐμὰ
58	7	χρήματα
58	9	ὡς
58	11	οἶμαι
58	13	ἱκανά
59	1	ἔπειτα
59	3	εἴ
59	5	ἐμοῦ
59	6	κηδόμενος
59	7	οὐκ
59	8	οἴει
59	9	δεῖν
59	10	ἀναλίσκειν
59	11	τἀμά
59	13	ξένοι
59	15	ἐνθάδε
59	16	ἕτοιμοι
59	17	ἀναλίσκειν
60	1	εἷς
60	2	δὲ
60	4	κεκόμικεν
60	5	ἐπ’
60	6	αὐτὸ
60	7	τοῦτο
60	8	ἀργύριον
60	9	ἱκανόν
60	11	Σιμμίας
60	13	Θηβαῖος
60	15	ἕτοιμος
60	16	δὲ
60	17	καὶ
60	18	Κέβης
60	19	καὶ
60	20	ἄλλοι
60	21	πολλοὶ
60	22	πάνυ
61	1	ὥστε
61	3	ὅπερ
61	4	λέγω
61	6	μήτε
61	7	ταῦτα
61	8	φοβούμενος
61	9	ἀποκάμῃς
61	10	σαυτὸν
61	11	σῶσαι
61	15	ὃ
61	16	ἔλεγες
61	17	ἐν
61	19	δικαστηρίῳ
61	21	δυσχερές
61	22	σοι
61	23	γενέσθω
61	24	ὅτι
61	25	οὐκ
61	26	ἂν
61	27	ἔχοις
61	28	ἐξελθὼν
61	30	χρῷο
61	31	σαυτῷ
62	1	πολλαχοῦ
62	3	γὰρ
62	5	ἄλλοσε
62	6	ὅποι
62	7	ἂν
62	8	ἀφίκῃ
62	9	ἀγαπήσουσί
62	10	σε
63	1	ἐὰν
63	2	δὲ
63	3	βούλῃ
63	4	εἰς
63	5	Θετταλίαν
63	6	ἰέναι
63	8	εἰσὶν
63	9	ἐμοὶ
63	10	ἐκεῖ
63	11	ξένοι
63	12	οἵ
63	13	σε
63	14	περὶ
63	15	πολλοῦ
63	16	ποιήσονται
63	17	καὶ
63	18	ἀσφάλειάν
63	19	σοι
63	20	παρέξονται
63	22	ὥστε
63	23	σε
63	24	μηδένα
63	25	λυπεῖν
63	27	κατὰ
63	28	Θετταλίαν
63	29	ἔτι
63	32	ὦ
63	33	Σώκρατες
63	35	οὐδὲ
63	36	δίκαιόν
63	37	μοι
63	38	δοκεῖς
63	39	ἐπιχειρεῖν
63	40	πρᾶγμα
63	42	σαυτὸν
63	43	προδοῦναι
63	45	ἐξὸν
63	46	σωθῆναι
63	48	καὶ
63	49	τοιαῦτα
63	50	σπεύδεις
63	51	περὶ
63	52	σαυτὸν
63	53	γενέσθαι
63	54	ἅπερ
63	55	ἂν
63	58	ἐχθροί
63	59	σου
63	60	σπεύσαιέν
63	61	τε
63	63	ἔσπευσαν
63	64	σὲ
63	65	διαφθεῖραι
63	66	βουλόμενοι
64	1	πρὸς
64	3	τούτοις
64	6	ὑεῖς
64	7	τοὺς
64	8	σαυτοῦ
64	9	ἔμοιγε
64	10	δοκεῖς
64	11	προδιδόναι
64	13	οὕς
64	14	σοι
64	15	ἐξὸν
64	17	ἐκθρέψαι
64	18	καὶ
64	19	ἐκπαιδεῦσαι
64	20	οἰχήσῃ
64	21	καταλιπών
64	23	καὶ
64	24	τὸ
64	25	σὸν
64	26	μέρος
64	27	ὅτι
64	28	ἂν
64	29	τύχωσι
64	30	τοῦτο
64	31	πράξουσιν
65	1	τεύξονται
65	2	δέ
65	4	ὡς
65	5	τὸ
65	6	εἰκός
65	8	τοιούτων
65	9	οἷάπερ
65	10	εἴωθεν
65	11	γίγνεσθαι
65	12	ἐν
65	14	ὀρφανίαις
65	15	περὶ
65	17	ὀρφανούς
66	1	ἢ
66	2	γὰρ
66	3	οὐ
66	4	χρὴ
66	5	ποιεῖσθαι
66	6	παῖδας
66	7	ἢ
66	8	συνδιαταλαιπωρεῖν
66	9	καὶ
66	10	τρέφοντα
66	11	καὶ
66	12	παιδεύοντα
66	14	σὺ
66	15	δέ
66	16	μοι
66	17	δοκεῖς
66	19	ῥᾳθυμότατα
66	20	αἱρεῖσθαι
67	1	χρὴ
67	2	δέ
67	4	ἅπερ
67	5	ἂν
67	6	ἀνὴρ
67	7	ἀγαθὸς
67	8	καὶ
67	9	ἀνδρεῖος
67	10	ἕλοιτο
67	12	ταῦτα
67	13	αἱρεῖσθαι
67	15	φάσκοντά
67	18	ἀρετῆς
67	19	διὰ
67	20	παντὸς
67	21	τοῦ
67	22	βίου
67	23	ἐπιμελεῖσθαι
68	1	ὡς
68	2	ἔγωγε
68	3	καὶ
68	4	ὑπὲρ
68	5	σοῦ
68	6	καὶ
68	7	ὑπὲρ
68	8	ἡμῶν
68	9	τῶν
68	10	σῶν
68	11	ἐπιτηδείων
68	12	αἰσχύνομαι
68	13	μὴ
68	14	δόξῃ
68	15	ἅπαν
68	17	πρᾶγμα
68	19	περὶ
68	20	σὲ
68	21	ἀνανδρίᾳ
68	24	ἡμετέρᾳ
68	25	πεπρᾶχθαι
68	27	καὶ
68	29	εἴσοδος
68	30	τῆς
68	31	δίκης
68	32	εἰς
68	34	δικαστήριον
68	35	ὡς
68	36	εἰσῆλθεν
68	37	ἐξὸν
68	38	μὴ
68	39	εἰσελθεῖν
68	41	καὶ
68	42	αὐτὸς
68	44	ἀγὼν
68	46	δίκης
68	47	ὡς
68	48	ἐγένετο
68	50	καὶ
68	52	τελευταῖον
68	53	δὴ
68	56	ὥσπερ
68	57	κατάγελως
68	58	τῆς
68	59	πράξεως
68	61	κακίᾳ
68	63	καὶ
68	64	ἀνανδρίᾳ
68	66	ἡμετέρᾳ
68	67	διαπεφευγέναι
68	69	δοκεῖν
68	71	οἵτινές
68	72	σε
68	73	οὐχὶ
68	74	ἐσώσαμεν
68	75	οὐδὲ
68	76	σὺ
68	77	σαυτόν
68	79	οἷόν
68	80	τε
68	81	ὂν
68	82	καὶ
68	83	δυνατὸν
68	84	εἴ
68	85	τι
68	87	μικρὸν
68	88	ἡμῶν
68	89	ὄφελος
68	90	ἦν
69	1	ταῦτα
69	2	οὖν
69	4	ὦ
69	5	Σώκρατες
69	7	ὅρα
69	8	μὴ
69	9	ἅμα
69	10	τῷ
69	11	κακῷ
69	12	καὶ
69	13	αἰσχρὰ
69	14	ᾖ
69	15	σοί
69	16	τε
69	17	καὶ
69	18	ἡμῖν
70	1	ἀλλὰ
70	2	βουλεύου
70	4	μᾶλλον
70	5	δὲ
70	6	οὐδὲ
70	7	βουλεύεσθαι
70	8	ἔτι
70	9	ὥρα
70	10	ἀλλὰ
70	11	βεβουλεῦσθαι
70	13	μία
70	14	δὲ
70	15	βουλή
71	2	γὰρ
71	3	ἐπιούσης
71	4	νυκτὸς
71	5	πάντα
71	6	ταῦτα
71	7	δεῖ
71	8	πεπρᾶχθαι
71	10	εἰ
71	11	δ’
71	13	περιμενοῦμεν
71	15	ἀδύνατον
71	16	καὶ
71	17	οὐκέτι
71	18	οἷόν
71	19	τε
72	2	παντὶ
72	3	τρόπῳ
72	5	ὦ
72	6	Σώκρατες
72	8	πείθου
72	9	μοι
72	10	καὶ
72	11	μηδαμῶς
72	12	ἄλλως
72	13	ποίει
73	1	ὦ
73	2	φίλε
73	3	Κρίτων
73	6	προθυμία
73	7	σου
73	8	πολλοῦ
73	9	ἀξία
73	10	εἰ
73	11	μετά
73	13	ὀρθότητος
73	14	εἴη
74	1	εἰ
74	2	δὲ
74	3	μή
74	5	ὅσῳ
74	6	μείζων
74	7	τοσούτῳ
74	8	χαλεπωτέρα
75	1	σκοπεῖσθαι
75	2	οὖν
75	3	χρὴ
75	4	ἡμᾶς
75	5	εἴτε
75	6	ταῦτα
75	7	πρακτέον
75	8	εἴτε
75	9	μή
76	1	ὡς
76	2	ἐγὼ
76	3	οὐ
76	4	νῦν
76	5	πρῶτον
76	6	ἀλλὰ
76	8	ἀεὶ
76	9	τοιοῦτος
76	10	οἷος
76	11	τῶν
76	12	ἐμῶν
76	13	μηδενὶ
76	15	πείθεσθαι
76	16	ἢ
76	18	λόγῳ
76	19	ὃς
76	20	ἄν
76	21	μοι
76	22	λογιζομένῳ
76	23	βέλτιστος
76	24	φαίνηται
77	3	λόγους
77	4	οὓς
77	5	ἐν
77	7	ἔμπροσθεν
77	8	ἔλεγον
77	9	οὐ
77	10	δύναμαι
77	12	ἐκβαλεῖν
77	14	ἐπειδή
77	15	μοι
77	16	ἥδε
77	18	τύχη
77	19	γέγονεν
77	21	ἀλλὰ
77	22	σχεδόν
77	24	ὅμοιοι
77	25	φαίνονταί
77	26	μοι
77	28	καὶ
77	30	αὐτοὺς
77	31	πρεσβεύω
77	32	καὶ
77	33	τιμῶ
77	34	οὕσπερ
77	36	πρότερον
78	1	ὧν
78	2	ἐὰν
78	3	μὴ
78	4	βελτίω
78	5	ἔχωμεν
78	6	λέγειν
78	7	ἐν
78	8	τῷ
78	9	παρόντι
78	11	εὖ
78	12	ἴσθι
78	13	ὅτι
78	14	οὐ
78	15	μή
78	16	σοι
78	17	συγχωρήσω
78	19	οὐδ’
78	20	ἂν
78	21	πλείω
78	22	τῶν
78	23	νῦν
78	24	παρόντων
78	26	τῶν
78	27	πολλῶν
78	28	δύναμις
78	29	ὥσπερ
78	30	παῖδας
78	31	ἡμᾶς
78	32	μορμολύττηται
78	34	δεσμοὺς
78	35	καὶ
78	36	θανάτους
78	38	καὶ
78	39	χρημάτων
78	40	ἀφαιρέσεις
79	1	πῶς
79	2	οὖν
79	3	ἂν
79	4	μετριώτατα
79	5	σκοποίμεθα
79	6	αὐτά
80	1	εἰ
80	2	πρῶτον
80	4	τοῦτον
80	6	λόγον
80	7	ἀναλάβοιμεν
80	9	ὃν
80	10	σὺ
80	11	λέγεις
80	12	περὶ
80	14	δοξῶν
81	1	πότερον
81	2	καλῶς
81	3	ἐλέγετο
81	4	ἑκάστοτε
81	8	ὅτι
81	9	ταῖς
81	11	δεῖ
81	13	δοξῶν
81	14	προσέχειν
81	16	νοῦν
81	18	ταῖς
81	19	δὲ
81	20	οὔ
82	1	ἢ
82	2	πρὶν
82	4	ἐμὲ
82	5	δεῖν
82	6	ἀποθνῄσκειν
82	7	καλῶς
82	8	ἐλέγετο
82	10	νῦν
82	11	δὲ
82	12	κατάδηλος
82	14	ἐγένετο
82	15	ὅτι
82	17	ἕνεκα
82	18	λόγου
82	19	ἐλέγετο
82	21	ἦν
82	22	δὲ
82	23	παιδιὰ
82	24	καὶ
82	25	φλυαρία
82	26	ὡς
82	27	ἀληθῶς
83	1	ἐπιθυμῶ
83	3	ἔγωγ’
83	4	ἐπισκέψασθαι
83	6	ὦ
83	7	Κρίτων
83	9	κοινῇ
83	10	μετὰ
83	11	σοῦ
83	12	εἴ
83	13	τί
83	14	μοι
83	15	ἀλλοιότερος
83	16	φανεῖται
83	18	ἐπειδὴ
83	19	ὧδε
83	20	ἔχω
83	22	ἢ
83	24	αὐτός
83	26	καὶ
83	27	ἐάσομεν
83	28	χαίρειν
83	29	ἢ
83	30	πεισόμεθα
83	31	αὐτῷ
84	1	ἐλέγετο
84	2	δέ
84	3	πως
84	5	ὡς
84	6	ἐγᾦμαι
84	8	ἑκάστοτε
84	9	ὧδε
84	10	ὑπὸ
84	11	τῶν
84	12	οἰομένων
84	14	λέγειν
84	16	ὥσπερ
84	17	νυνδὴ
84	18	ἐγὼ
84	19	ἔλεγον
84	21	ὅτι
84	23	δοξῶν
84	24	ἃς
84	26	ἄνθρωποι
84	27	δοξάζουσιν
84	28	δέοι
84	29	τὰς
84	31	περὶ
84	32	πολλοῦ
84	33	ποιεῖσθαι
84	35	τὰς
84	36	δὲ
84	37	μή
85	1	τοῦτο
85	2	πρὸς
85	3	θεῶν
85	5	ὦ
85	6	Κρίτων
85	8	οὐ
85	9	δοκεῖ
85	10	καλῶς
85	11	σοι
85	12	λέγεσθαι
86	2	σὺ
86	3	γάρ
86	5	ὅσα
86	7	τἀνθρώπεια
86	9	ἐκτὸς
86	10	εἶ
86	11	τοῦ
86	12	μέλλειν
86	13	ἀποθνῄσκειν
86	14	αὔριον
86	16	καὶ
86	17	οὐκ
86	19	σὲ
86	20	παρακρούοι
86	21	ἡ
86	22	παροῦσα
86	23	συμφορά
87	1	σκόπει
87	2	δή
87	4	οὐχ
87	5	ἱκανῶς
87	6	δοκεῖ
87	7	σοι
87	8	λέγεσθαι
87	9	ὅτι
87	10	οὐ
87	11	πάσας
87	12	χρὴ
87	14	δόξας
87	16	ἀνθρώπων
87	17	τιμᾶν
87	18	ἀλλὰ
87	19	τὰς
87	20	μέν
87	22	τὰς
87	23	δ’
87	24	οὔ
87	26	οὐδὲ
87	27	πάντων
87	28	ἀλλὰ
87	29	τῶν
87	30	μέν
87	32	τῶν
87	33	δ’
87	34	οὔ
88	1	τί
88	2	φῄς
89	1	ταῦτα
89	2	οὐχὶ
89	3	καλῶς
89	4	λέγεται
90	1	καλῶς
91	1	οὐκοῦν
91	4	χρηστὰς
91	5	τιμᾶν
91	8	δὲ
91	9	πονηρὰς
91	10	μή
92	1	ναί
93	1	χρησταὶ
93	3	οὐχ
93	4	αἱ
93	5	τῶν
93	6	φρονίμων
93	8	πονηραὶ
93	9	δὲ
93	10	αἱ
93	11	τῶν
93	12	ἀφρόνων
94	1	πῶς
94	2	δ’
94	3	οὔ
95	1	φέρε
95	2	δή
95	4	πῶς
95	5	αὖ
95	7	τοιαῦτα
95	8	ἐλέγετο
96	1	γυμναζόμενος
96	2	ἀνὴρ
96	3	καὶ
96	4	τοῦτο
96	5	πράττων
96	6	πότερον
96	7	παντὸς
96	8	ἀνδρὸς
96	9	ἐπαίνῳ
96	10	καὶ
96	11	ψόγῳ
96	12	καὶ
96	13	δόξῃ
96	15	νοῦν
96	16	προσέχει
96	18	ἢ
96	19	ἑνὸς
96	20	μόνου
96	21	ἐκείνου
96	22	ὃς
96	23	ἂν
96	24	τυγχάνῃ
96	25	ἰατρὸς
96	26	ἢ
96	27	παιδοτρίβης
96	28	ὤν
97	1	ἑνὸς
97	2	μόνου
98	1	οὐκοῦν
98	2	φοβεῖσθαι
98	3	χρὴ
98	5	ψόγους
98	6	καὶ
98	7	ἀσπάζεσθαι
98	9	ἐπαίνους
98	11	τοῦ
98	12	ἑνὸς
98	13	ἐκείνου
98	14	ἀλλὰ
98	15	μὴ
98	17	τῶν
98	18	πολλῶν
99	1	δῆλα
99	2	δή
100	1	ταύτῃ
100	2	ἄρα
100	3	αὐτῷ
100	4	πρακτέον
100	5	καὶ
100	6	γυμναστέον
100	7	καὶ
100	8	ἐδεστέον
100	10	καὶ
100	11	ποτέον
100	13	ᾗ
100	15	τῷ
100	16	ἑνὶ
100	17	δοκῇ
100	19	τῷ
100	20	ἐπιστάτῃ
100	21	καὶ
100	22	ἐπαΐοντι
100	24	μᾶλλον
100	25	ἢ
100	26	ᾗ
100	27	σύμπασι
100	29	ἄλλοις
101	1	ἔστι
101	2	ταῦτα
102	1	εἶεν
103	1	ἀπειθήσας
103	3	τῷ
103	4	ἑνὶ
103	5	καὶ
103	6	ἀτιμάσας
103	7	αὐτοῦ
103	9	δόξαν
103	10	καὶ
103	12	ἐπαίνους
103	14	τιμήσας
103	15	δὲ
103	17	τῶν
103	18	πολλῶν
103	19	λόγους
103	20	καὶ
103	21	μηδὲν
103	22	ἐπαϊόντων
103	24	ἆρα
103	25	οὐδὲν
103	26	κακὸν
103	27	πείσεται
104	1	πῶς
104	2	γὰρ
104	3	οὔ
105	1	τί
105	2	δ’
105	3	ἔστι
105	4	τὸ
105	5	κακὸν
105	8	καὶ
105	9	ποῖ
105	10	τείνει
105	12	καὶ
105	13	εἰς
105	14	τί
105	16	τοῦ
105	17	ἀπειθοῦντος
106	1	δῆλον
106	3	εἰς
106	4	τὸ
106	5	σῶμα
107	1	τοῦτο
107	2	γὰρ
107	3	διόλλυσι
108	1	καλῶς
108	2	λέγεις
109	1	οὐκοῦν
109	3	τἆλλα
109	5	ὦ
109	6	Κρίτων
109	10	ἵνα
109	11	μὴ
109	12	πάντα
109	13	διΐωμεν
109	15	καὶ
109	16	δὴ
109	17	καὶ
109	18	περὶ
109	19	τῶν
109	20	δικαίων
109	21	καὶ
109	22	ἀδίκων
109	24	αἰσχρῶν
109	25	καὶ
109	26	καλῶν
109	27	καὶ
109	28	ἀγαθῶν
109	29	καὶ
109	30	κακῶν
109	32	περὶ
109	33	ὧν
109	34	νῦν
109	36	βουλὴ
109	37	ἡμῖν
109	38	ἐστιν
109	40	πότερον
109	42	τῶν
109	43	πολλῶν
109	44	δόξῃ
109	45	δεῖ
109	46	ἡμᾶς
109	47	ἕπεσθαι
109	48	καὶ
109	49	φοβεῖσθαι
109	50	αὐτὴν
109	51	ἢ
109	53	τοῦ
109	54	ἑνός
109	56	εἴ
109	57	τίς
109	58	ἐστιν
109	59	ἐπαΐων
109	61	ὃν
109	62	δεῖ
109	64	αἰσχύνεσθαι
109	65	καὶ
109	66	φοβεῖσθαι
109	67	μᾶλλον
109	68	ἢ
109	69	σύμπαντας
109	71	ἄλλους
110	1	ᾧ
110	2	εἰ
110	3	μὴ
110	4	ἀκολουθήσομεν
110	6	διαφθεροῦμεν
110	7	ἐκεῖνο
110	8	καὶ
110	9	λωβησόμεθα
110	11	ὃ
110	12	τῷ
110	14	δικαίῳ
110	15	βέλτιον
110	16	ἐγίγνετο
110	17	τῷ
110	18	δὲ
110	19	ἀδίκῳ
110	20	ἀπώλλυτο
111	1	ἢ
111	2	οὐδέν
111	3	ἐστι
111	4	τοῦτο
112	1	οἶμαι
112	4	ὦ
112	5	Σώκρατες
113	1	φέρε
113	2	δή
113	4	ἐὰν
113	5	τὸ
113	6	ὑπὸ
113	8	ὑγιεινοῦ
113	10	βέλτιον
113	11	γιγνόμενον
113	13	ὑπὸ
113	15	νοσώδους
113	17	διαφθειρόμενον
113	18	διολέσωμεν
113	19	πειθόμενοι
113	20	μὴ
113	22	τῶν
113	23	ἐπαϊόντων
113	24	δόξῃ
113	26	ἆρα
113	27	βιωτὸν
113	28	ἡμῖν
113	29	ἐστιν
113	30	διεφθαρμένου
113	31	αὐτοῦ
114	1	ἔστι
114	2	δέ
114	3	που
114	4	τοῦτο
114	5	σῶμα
115	1	ἢ
115	2	οὐχί
116	1	ναί
117	1	ἆρ’
117	2	οὖν
117	3	βιωτὸν
117	4	ἡμῖν
117	5	ἐστιν
117	6	μετὰ
117	7	μοχθηροῦ
117	8	καὶ
117	9	διεφθαρμένου
117	10	σώματος
118	1	οὐδαμῶς
119	1	ἀλλὰ
119	3	ἐκείνου
119	4	ἄρ’
119	5	ἡμῖν
119	6	βιωτὸν
119	7	διεφθαρμένου
119	9	ᾧ
119	10	τὸ
119	11	ἄδικον
119	13	λωβᾶται
119	15	τὸ
119	16	δὲ
119	17	δίκαιον
119	18	ὀνίνησιν
120	1	ἢ
120	2	φαυλότερον
120	3	ἡγούμεθα
120	6	σώματος
120	7	ἐκεῖνο
120	9	ὅτι
120	10	ποτ’
120	11	ἐστὶ
120	13	ἡμετέρων
120	15	περὶ
120	19	ἀδικία
120	20	καὶ
120	22	δικαιοσύνη
120	23	ἐστίν
121	1	οὐδαμῶς
122	1	ἀλλὰ
122	2	τιμιώτερον
123	1	πολύ
124	1	οὐκ
124	2	ἄρα
124	4	ὦ
124	5	βέλτιστε
124	7	πάνυ
124	8	ἡμῖν
124	10	φροντιστέον
124	11	τί
124	12	ἐροῦσιν
124	13	οἱ
124	14	πολλοὶ
124	15	ἡμᾶς
124	17	ἀλλ’
124	18	ὅτι
124	19	ὁ
124	20	ἐπαΐων
124	21	περὶ
124	22	τῶν
124	23	δικαίων
124	24	καὶ
124	25	ἀδίκων
124	27	ὁ
124	28	εἷς
124	29	καὶ
124	30	αὐτὴ
124	32	ἀλήθεια
125	1	ὥστε
125	2	πρῶτον
125	4	ταύτῃ
125	5	οὐκ
125	6	ὀρθῶς
125	7	εἰσηγῇ
125	11	τῶν
125	12	πολλῶν
125	13	δόξης
125	14	δεῖν
125	15	ἡμᾶς
125	16	φροντίζειν
125	17	περὶ
125	18	τῶν
125	19	δικαίων
125	20	καὶ
125	21	καλῶν
125	22	καὶ
125	23	ἀγαθῶν
125	24	καὶ
125	25	τῶν
125	26	ἐναντίων
126	1	ἀλλὰ
126	3	δή
126	5	φαίη
126	7	ἄν
126	8	τις
126	10	οἷοί
126	11	τέ
126	12	εἰσιν
126	13	ἡμᾶς
126	14	οἱ
126	15	πολλοὶ
126	16	ἀποκτεινύναι
127	1	δῆλα
127	3	καὶ
127	4	ταῦτα
128	1	φαίη
128	3	ἄν
128	5	ὦ
128	6	Σώκρατες
129	1	ἀληθῆ
129	2	λέγεις
130	1	ἀλλ’
130	3	ὦ
130	4	θαυμάσιε
130	6	οὗτός
130	9	λόγος
130	10	ὃν
130	11	διεληλύθαμεν
130	12	ἔμοιγε
130	13	δοκεῖ
130	14	ἔτι
130	15	ὅμοιος
130	17	καὶ
130	18	πρότερον
131	1	καὶ
131	2	τόνδε
131	3	δὲ
131	4	αὖ
131	5	σκόπει
131	6	εἰ
131	7	ἔτι
131	8	μένει
131	9	ἡμῖν
131	10	ἢ
131	11	οὔ
131	13	ὅτι
131	14	οὐ
131	15	τὸ
131	16	ζῆν
131	17	περὶ
131	18	πλείστου
131	19	ποιητέον
131	20	ἀλλὰ
131	21	τὸ
131	22	εὖ
131	23	ζῆν
132	2	μένει
133	1	τὸ
133	2	δὲ
133	3	εὖ
133	4	καὶ
133	5	καλῶς
133	6	καὶ
133	7	δικαίως
133	8	ὅτι
133	9	ταὐτόν
133	10	ἐστιν
133	12	μένει
133	13	ἢ
133	14	οὐ
134	1	μένει
135	1	οὐκοῦν
135	2	ἐκ
135	3	τῶν
135	4	ὁμολογουμένων
135	5	τοῦτο
135	6	σκεπτέον
135	8	πότερον
135	9	δίκαιον
135	10	ἐμὲ
135	11	ἐνθένδε
135	12	πειρᾶσθαι
135	13	ἐξιέναι
135	14	μὴ
135	15	ἀφιέντων
135	16	Ἀθηναίων
135	17	ἢ
135	18	οὐ
135	19	δίκαιον
136	1	καὶ
136	2	ἐὰν
136	4	φαίνηται
136	5	δίκαιον
136	7	πειρώμεθα
136	9	εἰ
136	10	δὲ
136	11	μή
136	13	ἐῶμεν
137	2	δὲ
137	3	σὺ
137	4	λέγεις
137	6	σκέψεις
137	7	περί
137	9	ἀναλώσεως
137	10	χρημάτων
137	11	καὶ
137	12	δόξης
137	13	καὶ
137	14	παίδων
137	15	τροφῆς
137	17	μὴ
137	18	ὡς
137	19	ἀληθῶς
137	20	ταῦτα
137	22	ὦ
137	23	Κρίτων
137	25	σκέμματα
137	26	ᾖ
137	27	τῶν
137	28	ῥᾳδίως
137	29	ἀποκτεινύντων
137	30	καὶ
137	31	ἀναβιωσκομένων
137	33	ἄν
137	35	εἰ
137	36	οἷοί
137	38	ἦσαν
137	40	οὐδενὶ
137	41	ξὺν
137	42	νῷ
137	44	τούτων
137	45	τῶν
137	46	πολλῶν
138	1	ἡμῖν
138	2	δ’
138	4	ἐπειδὴ
138	6	λόγος
138	7	οὕτως
138	8	αἱρεῖ
138	10	μὴ
138	11	οὐδὲν
138	12	ἄλλο
138	13	σκεπτέον
138	15	ἢ
138	16	ὅπερ
138	17	νυνδὴ
138	18	ἐλέγομεν
138	20	πότερον
138	21	δίκαια
138	22	πράξομεν
138	24	χρήματα
138	25	τελοῦντες
138	27	τοῖς
138	28	ἐμὲ
138	29	ἐνθένδε
138	30	ἐξάξουσιν
138	31	καὶ
138	32	χάριτας
138	34	καὶ
138	35	αὐτοὶ
138	36	ἐξάγοντές
138	37	τε
138	38	καὶ
138	39	ἐξαγόμενοι
138	41	ἢ
138	42	τῇ
138	43	ἀληθείᾳ
138	44	ἀδικήσομεν
138	45	πάντα
138	46	ταῦτα
138	47	ποιοῦντες
139	1	κἂν
139	2	φαινώμεθα
139	3	ἄδικα
139	4	αὐτὰ
139	5	ἐργαζόμενοι
139	8	οὐ
139	9	δέῃ
139	10	ὑπολογίζεσθαι
139	11	οὔτ’
139	12	εἰ
139	13	ἀποθνῄσκειν
139	14	δεῖ
139	15	παραμένοντας
139	16	καὶ
139	17	ἡσυχίαν
139	18	ἄγοντας
139	20	οὔτε
139	21	ἄλλο
139	22	ὁτιοῦν
139	23	πάσχειν
139	24	πρὸ
139	25	τοῦ
139	26	ἀδικεῖν
140	1	καλῶς
140	3	μοι
140	4	δοκεῖς
140	5	λέγειν
140	7	ὦ
140	8	Σώκρατες
140	10	ὅρα
140	11	δὲ
140	12	τί
140	13	δρῶμεν
141	1	σκοπῶμεν
141	3	ὦ
141	4	ἀγαθέ
141	6	κοινῇ
141	8	καὶ
141	9	εἴ
141	10	πῃ
141	11	ἔχεις
141	12	ἀντιλέγειν
141	13	ἐμοῦ
141	14	λέγοντος
141	16	ἀντίλεγε
141	17	καί
141	18	σοι
141	19	πείσομαι
142	1	εἰ
142	2	δὲ
142	3	μή
142	5	παῦσαι
142	6	ἤδη
142	8	ὦ
142	9	μακάριε
142	11	πολλάκις
142	12	μοι
142	13	λέγων
142	15	αὐτὸν
142	16	λόγον
142	18	ὡς
142	19	χρὴ
142	20	ἐνθένδε
142	21	ἀκόντων
142	22	Ἀθηναίων
142	23	ἐμὲ
142	24	ἀπιέναι
143	1	ὡς
143	2	ἐγὼ
143	3	περὶ
143	4	πολλοῦ
143	5	ποιοῦμαι
143	6	πείσας
143	7	σε
143	8	ταῦτα
143	9	πράττειν
143	11	ἀλλὰ
143	12	μὴ
143	13	ἄκοντος
144	1	ὅρα
144	3	δὴ
144	4	τῆς
144	5	σκέψεως
144	7	ἀρχὴν
144	8	ἐάν
144	9	σοι
144	10	ἱκανῶς
144	11	λέγηται
144	13	καὶ
144	14	πειρῶ
144	15	ἀποκρίνεσθαι
144	16	τὸ
144	17	ἐρωτώμενον
144	18	ᾗ
144	20	μάλιστα
145	1	ἀλλὰ
145	2	πειράσομαι
146	1	οὐδενὶ
146	2	τρόπῳ
146	3	φαμὲν
146	4	ἑκόντας
146	5	ἀδικητέον
146	8	ἢ
146	9	τινὶ
146	11	ἀδικητέον
146	12	τρόπῳ
146	13	τινὶ
146	14	δὲ
146	15	οὔ
147	1	ἢ
147	2	οὐδαμῶς
147	3	τό
147	5	ἀδικεῖν
147	6	οὔτε
147	7	ἀγαθὸν
147	8	οὔτε
147	9	καλόν
147	11	ὡς
147	12	πολλάκις
147	13	ἡμῖν
147	14	καὶ
147	15	ἐν
147	17	ἔμπροσθεν
147	18	χρόνῳ
147	19	ὡμολογήθη
148	1	ὅπερ
148	3	ἄρτι
148	4	ἐλέγετο
148	6	πᾶσαι
148	7	ἡμῖν
148	8	ἐκεῖναι
148	10	πρόσθεν
148	11	ὁμολογίαι
148	12	ἐν
148	13	ταῖσδε
148	15	ὀλίγαις
148	16	ἡμέραις
148	17	ἐκκεχυμέναι
148	18	εἰσίν
148	20	καὶ
148	21	πάλαι
148	23	ὦ
148	24	Κρίτων
148	27	τηλικοίδε
148	28	γέροντες
148	29	ἄνδρες
148	30	πρὸς
148	31	ἀλλήλους
148	32	σπουδῇ
148	33	διαλεγόμενοι
148	34	ἐλάθομεν
148	35	ἡμᾶς
148	36	αὐτοὺς
148	37	παίδων
148	38	οὐδὲν
148	39	διαφέροντες
149	1	ἢ
149	2	παντὸς
149	3	μᾶλλον
149	4	οὕτως
149	5	ἔχει
149	7	τότε
149	8	ἐλέγετο
149	9	ἡμῖν
150	1	εἴτε
150	2	φασὶν
150	3	οἱ
150	4	πολλοὶ
150	5	εἴτε
150	6	μή
150	8	καὶ
150	9	εἴτε
150	10	δεῖ
150	11	ἡμᾶς
150	12	ἔτι
150	13	τῶνδε
150	14	χαλεπώτερα
150	15	πάσχειν
150	16	εἴτε
150	17	καὶ
150	18	πρᾳότερα
150	20	ὅμως
150	21	τό
150	23	ἀδικεῖν
150	24	τῷ
150	25	ἀδικοῦντι
150	27	κακὸν
150	28	καὶ
150	29	αἰσχρὸν
150	31	ὂν
150	32	παντὶ
150	33	τρόπῳ
151	1	φαμὲν
151	2	ἢ
151	3	οὔ
152	1	φαμέν
153	1	οὐδαμῶς
153	2	ἄρα
153	3	δεῖ
153	4	ἀδικεῖν
154	1	οὐ
154	2	δῆτα
155	1	οὐδὲ
155	2	ἀδικούμενον
155	4	ἀνταδικεῖν
155	6	ὡς
155	7	οἱ
155	8	πολλοὶ
155	9	οἴονται
155	11	ἐπειδή
155	13	οὐδαμῶς
155	14	δεῖ
155	15	ἀδικεῖν
156	1	οὐ
156	2	φαίνεται
157	1	τί
157	2	δὲ
157	3	δή
158	1	κακουργεῖν
158	2	δεῖ
158	4	ὦ
158	5	Κρίτων
158	7	ἢ
158	8	οὔ
159	1	οὐ
159	2	δεῖ
159	3	δήπου
159	5	ὦ
159	6	Σώκρατες
160	1	τί
161	1	ἀντικακουργεῖν
161	2	κακῶς
161	3	πάσχοντα
161	5	ὡς
161	6	οἱ
161	7	πολλοί
161	8	φασιν
161	10	δίκαιον
161	11	ἢ
161	12	οὐ
161	13	δίκαιον
162	1	οὐδαμῶς
163	1	τὸ
163	2	γάρ
163	3	που
163	4	κακῶς
163	5	ποιεῖν
163	6	ἀνθρώπους
163	7	τοῦ
163	8	ἀδικεῖν
163	9	οὐδὲν
163	10	διαφέρει
164	1	ἀληθῆ
164	2	λέγεις
165	1	οὔτε
165	2	ἄρα
165	3	ἀνταδικεῖν
165	4	δεῖ
165	5	οὔτε
165	6	κακῶς
165	7	ποιεῖν
165	8	οὐδένα
165	9	ἀνθρώπων
165	11	οὐδ’
165	12	ἂν
165	13	ὁτιοῦν
165	14	πάσχῃ
165	15	ὑπ’
165	16	αὐτῶν
166	1	καὶ
166	2	ὅρα
166	4	ὦ
166	5	Κρίτων
166	7	ταῦτα
166	8	καθομολογῶν
166	11	μὴ
166	12	παρὰ
166	13	δόξαν
166	14	ὁμολογῇς
167	1	οἶδα
167	2	γὰρ
167	4	ὀλίγοις
167	5	τισὶ
167	6	ταῦτα
167	8	δοκεῖ
167	9	καὶ
167	10	δόξει
168	1	οἷς
168	2	οὖν
168	3	οὕτω
168	4	δέδοκται
168	5	καὶ
168	6	οἷς
168	7	μή
168	9	τούτοις
168	10	οὐκ
168	11	ἔστι
168	12	κοινὴ
168	13	βουλή
168	15	ἀλλὰ
168	16	ἀνάγκη
168	18	ἀλλήλων
168	19	καταφρονεῖν
168	20	ὁρῶντας
168	21	ἀλλήλων
168	22	τὰ
168	23	βουλεύματα
169	1	σκόπει
169	2	δὴ
169	3	οὖν
169	4	καὶ
169	5	σὺ
169	6	εὖ
169	7	μάλα
169	8	πότερον
169	9	κοινωνεῖς
169	10	καὶ
169	11	συνδοκεῖ
169	13	καὶ
169	14	ἀρχώμεθα
169	15	ἐντεῦθεν
169	16	βουλευόμενοι
169	18	ὡς
169	19	οὐδέποτε
169	20	ὀρθῶς
169	21	ἔχοντος
169	22	οὔτε
169	23	τοῦ
169	24	ἀδικεῖν
169	25	οὔτε
169	26	τοῦ
169	27	ἀνταδικεῖν
169	28	οὔτε
169	29	κακῶς
169	30	πάσχοντα
169	31	ἀμύνεσθαι
169	32	ἀντιδρῶντα
169	33	κακῶς
169	35	ἢ
169	36	ἀφίστασαι
169	37	καὶ
169	38	οὐ
169	39	κοινωνεῖς
169	40	τῆς
169	41	ἀρχῆς
170	1	ἐμοὶ
170	3	γὰρ
170	5	πάλαι
170	6	οὕτω
170	7	καὶ
170	8	νῦν
170	9	ἔτι
170	10	δοκεῖ
170	12	σοὶ
170	13	δὲ
170	14	εἴ
170	16	ἄλλῃ
170	17	δέδοκται
170	19	λέγε
170	20	καὶ
170	21	δίδασκε
171	1	εἰ
171	2	δ’
171	3	ἐμμένεις
171	4	τοῖς
171	5	πρόσθε
171	8	μετὰ
171	9	τοῦτο
171	10	ἄκουε
172	2	ἐμμένω
172	3	τε
172	4	καὶ
172	5	συνδοκεῖ
173	1	ἀλλὰ
173	2	λέγε
174	1	λέγω
174	2	δὴ
174	3	αὖ
174	5	μετὰ
174	6	τοῦτο
174	8	μᾶλλον
174	9	δ’
174	10	ἐρωτῶ
175	1	πότερον
175	2	ἃ
175	3	ἄν
175	4	τις
175	5	ὁμολογήσῃ
175	6	τῳ
175	7	δίκαια
175	9	ποιητέον
175	10	ἢ
175	11	ἐξαπατητέον
176	1	ποιητέον
177	1	ἐκ
177	2	τούτων
177	3	δὴ
177	4	ἄθρει
178	1	ἀπιόντες
178	2	ἐνθένδε
178	3	ἡμεῖς
178	4	μὴ
178	5	πείσαντες
178	7	πόλιν
178	8	πότερον
178	9	κακῶς
178	10	τινας
178	11	ποιοῦμεν
178	13	καὶ
178	14	ταῦτα
178	15	οὓς
178	16	ἥκιστα
178	17	δεῖ
178	19	ἢ
178	20	οὔ
179	1	καὶ
179	2	ἐμμένομεν
179	3	οἷς
179	4	ὡμολογήσαμεν
179	5	δικαίοις
179	6	οὖσιν
179	7	ἢ
179	8	οὔ
180	1	οὐκ
180	2	ἔχω
180	4	ὦ
180	5	Σώκρατες
180	7	ἀποκρίνασθαι
180	8	πρὸς
180	9	ὃ
180	10	ἐρωτᾷς
181	1	οὐ
181	2	γὰρ
181	3	ἐννοῶ
182	1	ἀλλ’
182	2	ὧδε
182	3	σκόπει
183	1	εἰ
183	2	μέλλουσιν
183	4	ἐνθένδε
183	6	ἀποδιδράσκειν
183	8	εἴθ’
183	9	ὅπως
183	10	δεῖ
183	11	ὀνομάσαι
183	12	τοῦτο
183	14	ἐλθόντες
183	16	νόμοι
183	17	καὶ
183	19	κοινὸν
183	21	πόλεως
183	22	ἐπιστάντες
183	23	ἔροιντο
184	1	εἰπέ
184	2	μοι
184	4	ὦ
184	5	Σώκρατες
184	7	τί
184	8	ἐν
184	9	νῷ
184	10	ἔχεις
184	11	ποιεῖν
185	1	ἄλλο
185	2	τι
185	3	ἢ
185	4	τούτῳ
185	6	ἔργῳ
185	8	ἐπιχειρεῖς
185	9	διανοῇ
185	12	νόμους
185	13	ἡμᾶς
185	14	ἀπολέσαι
185	15	καὶ
185	16	σύμπασαν
185	18	πόλιν
185	19	τὸ
185	20	σὸν
185	21	μέρος
186	1	ἢ
186	2	δοκεῖ
186	4	οἷόν
186	5	τε
186	9	πόλιν
186	10	εἶναι
186	11	καὶ
186	12	μὴ
186	13	ἀνατετράφθαι
186	15	ἐν
186	16	ᾗ
186	19	γενόμεναι
186	20	δίκαι
186	21	μηδὲν
186	22	ἰσχύωσιν
186	23	ἀλλὰ
186	24	ὑπὸ
186	25	ἰδιωτῶν
186	26	ἄκυροί
186	28	γίγνωνται
186	29	καὶ
186	30	διαφθείρωνται
187	1	τί
187	2	ἐροῦμεν
187	4	ὦ
187	5	Κρίτων
187	7	πρὸς
187	8	ταῦτα
187	9	καὶ
187	10	ἄλλα
187	11	τοιαῦτα
188	1	πολλὰ
188	2	γὰρ
188	4	τις
188	7	ἄλλως
188	10	ῥήτωρ
188	12	εἰπεῖν
188	13	ὑπὲρ
188	14	τούτου
188	16	νόμου
188	17	ἀπολλυμένου
188	18	ὃς
188	20	δίκας
188	22	δικασθείσας
188	23	προστάττει
188	24	κυρίας
188	25	εἶναι
189	1	ἢ
189	2	ἐροῦμεν
189	3	πρὸς
189	4	αὐτοὺς
189	6	ἠδίκει
189	7	γὰρ
189	8	ἡμᾶς
189	10	πόλις
189	11	καὶ
189	12	οὐκ
189	13	ὀρθῶς
189	15	δίκην
189	16	ἔκρινεν
190	1	ταῦτα
190	2	ἢ
190	3	τί
190	4	ἐροῦμεν
191	1	ταῦτα
191	2	νὴ
191	3	Δία
191	5	ὦ
191	6	Σώκρατες
192	1	τί
192	2	οὖν
192	3	ἂν
192	4	εἴπωσιν
192	6	νόμοι
193	1	ὦ
193	2	Σώκρατες
193	4	ἦ
193	6	ταῦτα
193	7	ὡμολόγητο
193	8	ἡμῖν
193	11	σοί
193	13	ἢ
193	14	ἐμμενεῖν
193	16	δίκαις
193	17	αἷς
193	18	ἂν
193	20	πόλις
193	21	δικάζῃ
194	1	εἰ
194	2	οὖν
194	3	αὐτῶν
194	4	θαυμάζοιμεν
194	5	λεγόντων
194	7	ἴσως
194	8	ἂν
194	9	εἴποιεν
194	10	ὅτι
194	11	ὦ
194	12	Σώκρατες
194	14	μὴ
194	15	θαύμαζε
194	16	τὰ
194	17	λεγόμενα
194	18	ἀλλ’
194	19	ἀποκρίνου
194	21	ἐπειδὴ
194	23	εἴωθας
194	24	χρῆσθαι
194	25	τῷ
194	26	ἐρωτᾶν
194	27	τε
194	29	ἀποκρίνεσθαι
195	1	φέρε
195	2	γάρ
195	4	τί
195	5	ἐγκαλῶν
195	6	ἡμῖν
195	7	καὶ
195	9	πόλει
195	10	ἐπιχειρεῖς
195	11	ἡμᾶς
195	12	ἀπολλύναι
196	1	οὐ
196	2	πρῶτον
196	4	σε
196	5	ἐγεννήσαμεν
196	6	ἡμεῖς
196	8	καὶ
196	9	δι’
196	10	ἡμῶν
196	11	ἔλαβε
196	13	μητέρα
196	14	σου
196	15	ὁ
196	16	πατὴρ
196	17	καὶ
196	18	ἐφύτευσέν
196	19	σε
197	1	φράσον
197	2	οὖν
197	4	τούτοις
197	5	ἡμῶν
197	8	νόμοις
197	10	περὶ
197	12	γάμους
197	14	μέμφῃ
197	15	τι
197	16	ὡς
197	17	οὐ
197	18	καλῶς
197	19	ἔχουσιν
198	1	οὐ
198	2	μέμφομαι
198	4	φαίην
198	5	ἄν
199	1	ἀλλὰ
199	2	τοῖς
199	3	περὶ
199	5	τοῦ
199	6	γενομένου
199	7	τροφήν
199	8	τε
199	10	παιδείαν
199	11	ἐν
199	12	ᾗ
199	13	καὶ
199	14	σὺ
199	15	ἐπαιδεύθης
200	1	ἢ
200	2	οὐ
200	3	καλῶς
200	4	προσέταττον
200	5	ἡμῶν
200	7	ἐπὶ
200	8	τούτῳ
200	9	τεταγμένοι
200	10	νόμοι
200	12	παραγγέλλοντες
200	14	πατρὶ
200	16	σῷ
200	17	σε
200	18	ἐν
200	19	μουσικῇ
200	20	καὶ
200	21	γυμναστικῇ
200	22	παιδεύειν
201	1	καλῶς
201	3	φαίην
201	4	ἄν
202	1	εἶεν
203	1	ἐπειδὴ
203	3	ἐγένου
203	6	ἐξετράφης
203	7	καὶ
203	8	ἐπαιδεύθης
203	10	ἔχοις
203	11	ἂν
203	12	εἰπεῖν
203	13	πρῶτον
203	15	ὡς
203	16	οὐχὶ
203	17	ἡμέτερος
203	18	ἦσθα
203	20	ἔκγονος
203	21	καὶ
203	22	δοῦλος
203	24	αὐτός
203	25	τε
203	26	καὶ
203	28	σοὶ
203	29	πρόγονοι
204	1	καὶ
204	2	εἰ
204	4	οὕτως
204	5	ἔχει
204	8	ἐξ
204	9	ἴσου
204	10	οἴει
204	11	εἶναι
204	12	σοὶ
204	13	τὸ
204	14	δίκαιον
204	16	ἡμῖν
204	18	καὶ
204	19	ἅττ’
204	20	ἂν
204	21	ἡμεῖς
204	22	σε
204	23	ἐπιχειρῶμεν
204	24	ποιεῖν
204	26	καὶ
204	27	σοὶ
204	28	ταῦτα
204	29	ἀντιποιεῖν
204	30	οἴει
204	31	δίκαιον
204	32	εἶναι
205	1	ἢ
205	2	πρὸς
205	3	μὲν
205	5	σοι
205	6	τὸν
205	7	πατέρα
205	9	ἐξ
205	10	ἴσου
205	11	ἦν
205	12	τὸ
205	13	δίκαιον
205	14	καὶ
205	15	πρὸς
205	16	δεσπότην
205	18	εἴ
205	19	σοι
205	20	ὢν
205	21	ἐτύγχανεν
205	23	ὥστε
205	24	ἅπερ
205	25	πάσχοις
205	26	ταῦτα
205	28	ἀντιποιεῖν
205	30	οὔτε
205	31	κακῶς
205	32	ἀκούοντα
205	33	ἀντιλέγειν
205	34	οὔτε
205	35	τυπτόμενον
205	36	ἀντιτύπτειν
205	37	οὔτε
205	38	ἄλλα
205	39	τοιαῦτα
205	40	πολλά
206	1	πρὸς
206	3	τὴν
206	4	πατρίδα
206	6	καὶ
206	8	νόμους
206	9	ἐξέσται
206	10	σοι
206	12	ὥστε
206	14	ἐάν
206	15	σε
206	16	ἐπιχειρῶμεν
206	17	ἡμεῖς
206	18	ἀπολλύναι
206	19	δίκαιον
206	20	ἡγούμενοι
206	21	εἶναι
206	23	καὶ
206	24	σὺ
206	25	δὲ
206	26	ἡμᾶς
206	28	νόμους
206	29	καὶ
206	30	τὴν
206	31	πατρίδα
206	32	καθ’
206	33	ὅσον
206	34	δύνασαι
206	35	ἐπιχειρήσεις
206	36	ἀνταπολλύναι
206	38	καὶ
206	39	φήσεις
206	40	ταῦτα
206	41	ποιῶν
206	42	δίκαια
206	43	πράττειν
206	45	ὁ
206	46	τῇ
206	47	ἀληθείᾳ
206	49	ἀρετῆς
206	50	ἐπιμελόμενος
207	1	ἢ
207	2	οὕτως
207	3	εἶ
207	4	σοφὸς
207	5	ὥστε
207	6	λέληθέν
207	7	σε
207	8	ὅτι
207	9	μητρός
207	10	τε
207	12	πατρὸς
207	13	καὶ
207	15	ἄλλων
207	16	προγόνων
207	17	ἁπάντων
207	18	τιμιώτερόν
207	19	ἐστιν
207	20	πατρὶς
207	21	καὶ
207	22	σεμνότερον
207	23	καὶ
207	24	ἁγιώτερον
207	25	καὶ
207	26	ἐν
207	27	μείζονι
207	28	μοίρᾳ
207	30	παρὰ
207	31	θεοῖς
207	32	καὶ
207	33	παρ’
207	34	ἀνθρώποις
207	35	τοῖς
207	36	νοῦν
207	37	ἔχουσι
207	39	καὶ
207	40	σέβεσθαι
207	41	δεῖ
207	43	μᾶλλον
207	44	ὑπείκειν
207	45	καὶ
207	46	θωπεύειν
207	47	πατρίδα
207	48	χαλεπαίνουσαν
207	49	ἢ
207	50	πατέρα
207	52	καὶ
207	53	ἢ
207	54	πείθειν
207	55	ἢ
207	56	ποιεῖν
207	57	ἃ
207	58	ἂν
207	59	κελεύῃ
207	61	καὶ
207	62	πάσχειν
207	63	ἐάν
207	64	τι
207	65	προστάττῃ
207	66	παθεῖν
207	67	ἡσυχίαν
207	68	ἄγοντα
207	70	ἐάντε
207	71	τύπτεσθαι
207	72	ἐάντε
207	73	δεῖσθαι
207	75	ἐάντε
207	76	εἰς
207	77	πόλεμον
207	78	ἄγῃ
207	79	τρωθησόμενον
207	80	ἢ
207	81	ἀποθανούμενον
207	83	ποιητέον
207	84	ταῦτα
207	86	καὶ
207	88	δίκαιον
207	89	οὕτως
207	90	ἔχει
207	93	οὐχὶ
207	94	ὑπεικτέον
207	95	οὐδὲ
207	96	ἀναχωρητέον
207	97	οὐδὲ
207	98	λειπτέον
207	100	τάξιν
207	102	ἀλλὰ
207	104	ἐν
207	105	πολέμῳ
207	106	καὶ
207	107	ἐν
207	108	δικαστηρίῳ
207	109	καὶ
207	110	πανταχοῦ
207	111	ποιητέον
207	112	ἃ
207	113	ἂν
207	114	κελεύῃ
207	116	πόλις
207	117	καὶ
207	119	πατρίς
207	121	ἢ
207	122	πείθειν
207	123	αὐτὴν
207	124	ᾗ
207	126	δίκαιον
207	127	πέφυκε
208	1	βιάζεσθαι
208	3	οὐχ
208	4	ὅσιον
208	5	οὔτε
208	6	μητέρα
208	7	οὔτε
208	8	πατέρα
208	11	δὲ
208	12	τούτων
208	13	ἔτι
208	14	ἧττον
208	15	τὴν
208	16	πατρίδα
209	1	τί
209	2	φήσομεν
209	3	πρὸς
209	4	ταῦτα
209	6	ὦ
209	7	Κρίτων
210	1	ἀληθῆ
210	2	λέγειν
210	4	νόμους
210	5	ἢ
210	6	οὔ
211	1	ἔμοιγε
211	2	δοκεῖ
212	1	σκόπει
212	2	τοίνυν
212	4	ὦ
212	5	Σώκρατες
212	7	φαῖεν
212	8	ἂν
212	9	ἴσως
212	11	νόμοι
212	13	εἰ
212	14	ἡμεῖς
212	15	ταῦτα
212	16	ἀληθῆ
212	17	λέγομεν
212	19	ὅτι
212	20	οὐ
212	21	δίκαια
212	22	ἡμᾶς
212	23	ἐπιχειρεῖς
212	24	δρᾶν
212	25	ἃ
212	26	νῦν
212	27	ἐπιχειρεῖς
213	1	ἡμεῖς
213	2	γάρ
213	3	σε
213	4	γεννήσαντες
213	6	ἐκθρέψαντες
213	8	παιδεύσαντες
213	10	μεταδόντες
213	11	ἁπάντων
213	12	ὧν
213	13	οἷοί
213	14	τ’
213	15	ἦμεν
213	16	καλῶν
213	17	σοὶ
213	18	καὶ
213	20	ἄλλοις
213	21	πᾶσιν
213	22	πολίταις
213	24	ὅμως
213	25	προαγορεύομεν
213	26	τῷ
213	27	ἐξουσίαν
213	28	πεποιηκέναι
213	29	Ἀθηναίων
213	30	τῷ
213	31	βουλομένῳ
213	33	ἐπειδὰν
213	34	δοκιμασθῇ
213	35	καὶ
213	36	ἴδῃ
213	38	ἐν
213	40	πόλει
213	41	πράγματα
213	42	καὶ
213	43	ἡμᾶς
213	45	νόμους
213	47	ᾧ
213	48	ἂν
213	49	μὴ
213	50	ἀρέσκωμεν
213	51	ἡμεῖς
213	53	ἐξεῖναι
213	54	λαβόντα
213	55	τὰ
213	56	αὑτοῦ
213	57	ἀπιέναι
213	58	ὅποι
213	59	ἂν
213	60	βούληται
214	1	καὶ
214	2	οὐδεὶς
214	3	ἡμῶν
214	5	νόμων
214	6	ἐμποδών
214	7	ἐστιν
214	8	οὐδ’
214	9	ἀπαγορεύει
214	11	ἐάντε
214	12	τις
214	13	βούληται
214	14	ὑμῶν
214	15	εἰς
214	16	ἀποικίαν
214	17	ἰέναι
214	19	εἰ
214	20	μὴ
214	21	ἀρέσκοιμεν
214	22	ἡμεῖς
214	24	καὶ
214	26	πόλις
214	28	ἐάντε
214	29	μετοικεῖν
214	30	ἄλλοσέ
214	31	ποι
214	32	ἐλθών
214	34	ἰέναι
214	35	ἐκεῖσε
214	36	ὅποι
214	37	ἂν
214	38	βούληται
214	40	ἔχοντα
214	41	τὰ
214	42	αὑτοῦ
215	1	ὃς
215	2	δ’
215	3	ἂν
215	4	ὑμῶν
215	5	παραμείνῃ
215	7	ὁρῶν
215	8	ὃν
215	9	τρόπον
215	10	ἡμεῖς
215	13	δίκας
215	14	δικάζομεν
215	15	καὶ
215	16	τἆλλα
215	18	πόλιν
215	19	διοικοῦμεν
215	21	ἤδη
215	22	φαμὲν
215	23	τοῦτον
215	24	ὡμολογηκέναι
215	25	ἔργῳ
215	26	ἡμῖν
215	27	ἃ
215	28	ἂν
215	29	ἡμεῖς
215	30	κελεύωμεν
215	31	ποιήσειν
215	34	καὶ
215	35	τὸν
215	36	μὴ
215	37	πειθόμενον
215	38	τριχῇ
215	39	φαμεν
215	40	ἀδικεῖν
215	42	ὅτι
215	43	τε
215	44	γεννηταῖς
215	45	οὖσιν
215	46	ἡμῖν
215	47	οὐ
215	48	πείθεται
215	50	καὶ
215	51	ὅτι
215	52	τροφεῦσι
215	54	καὶ
215	55	ὅτι
215	56	ὁμολογήσας
215	57	ἡμῖν
215	58	πείσεσθαι
215	59	οὔτε
215	60	πείθεται
215	61	οὔτε
215	62	πείθει
215	65	εἰ
215	66	μὴ
215	67	καλῶς
215	68	τι
215	69	ποιοῦμεν
215	70	προτιθέντων
215	71	ἡμῶν
215	72	καὶ
215	73	οὐκ
215	74	ἀγρίως
215	75	ἐπιταττόντων
215	76	ποιεῖν
215	77	ἃ
215	78	ἂν
215	79	κελεύωμεν
215	81	ἀλλὰ
215	82	ἐφιέντων
215	83	δυοῖν
215	84	θάτερα
215	86	ἢ
215	87	πείθειν
215	88	ἡμᾶς
215	89	ἢ
215	90	ποιεῖν
215	92	τούτων
215	93	οὐδέτερα
215	94	ποιεῖ
216	1	ταύταις
216	2	δή
216	3	φαμεν
216	4	καὶ
216	5	σέ
216	7	ὦ
216	8	Σώκρατες
216	11	αἰτίαις
216	12	ἐνέξεσθαι
216	14	εἴπερ
216	15	ποιήσεις
216	16	ἃ
216	17	ἐπινοεῖς
216	19	καὶ
216	20	οὐχ
216	21	ἥκιστα
216	22	Ἀθηναίων
216	23	σέ
216	25	ἀλλ’
216	26	ἐν
216	27	τοῖς
216	28	μάλιστα
217	1	εἰ
217	2	οὖν
217	3	ἐγὼ
217	4	εἴποιμι
218	1	διὰ
218	2	τί
219	1	ἴσως
219	2	ἄν
219	3	μου
219	4	δικαίως
219	5	καθάπτοιντο
219	6	λέγοντες
219	7	ὅτι
219	8	ἐν
219	10	μάλιστα
219	11	Ἀθηναίων
219	12	ἐγὼ
219	13	αὐτοῖς
219	15	τυγχάνω
219	18	ὁμολογίαν
220	1	φαῖεν
220	2	γὰρ
220	3	ἂν
220	4	ὅτι
220	5	ὦ
220	6	Σώκρατες
220	8	μεγάλα
220	9	ἡμῖν
220	10	τούτων
220	11	τεκμήριά
220	12	ἐστιν
220	14	ὅτι
220	15	σοι
220	16	καὶ
220	17	ἡμεῖς
220	18	ἠρέσκομεν
220	19	καὶ
220	21	πόλις
221	1	οὐ
221	2	γὰρ
221	4	ποτε
221	6	ἄλλων
221	7	Ἀθηναίων
221	8	ἁπάντων
221	9	διαφερόντως
221	10	ἐν
221	11	αὐτῇ
221	12	ἐπεδήμεις
221	13	εἰ
221	14	μή
221	15	σοι
221	16	διαφερόντως
221	17	ἤρεσκεν
221	20	οὔτ’
221	21	ἐπὶ
221	22	θεωρίαν
221	23	πώποτ’
221	24	ἐκ
221	26	πόλεως
221	27	ἐξῆλθες
221	29	ὅτι
221	30	μὴ
221	31	ἅπαξ
221	32	εἰς
221	33	Ἰσθμόν
221	35	οὔτε
221	36	ἄλλοσε
221	37	οὐδαμόσε
221	39	εἰ
221	40	μή
221	42	στρατευσόμενος
221	44	οὔτε
221	45	ἄλλην
221	46	ἀποδημίαν
221	47	ἐποιήσω
221	48	πώποτε
221	49	ὥσπερ
221	51	ἄλλοι
221	52	ἄνθρωποι
221	54	οὐδ’
221	55	ἐπιθυμία
221	56	σε
221	57	ἄλλης
221	58	πόλεως
221	59	οὐδὲ
221	60	ἄλλων
221	61	νόμων
221	62	ἔλαβεν
221	63	εἰδέναι
221	65	ἀλλὰ
221	66	ἡμεῖς
221	67	σοι
221	68	ἱκανοὶ
221	69	ἦμεν
221	70	καὶ
221	72	ἡμετέρα
221	73	πόλις
222	1	οὕτω
222	2	σφόδρα
222	3	ἡμᾶς
222	4	ᾑροῦ
222	5	καὶ
222	6	ὡμολόγεις
222	7	καθ’
222	8	ἡμᾶς
222	9	πολιτεύσεσθαι
222	11	τά
222	12	τε
222	13	ἄλλα
222	14	καὶ
222	15	παῖδας
222	16	ἐν
222	17	αὐτῇ
222	18	ἐποιήσω
222	20	ὡς
222	21	ἀρεσκούσης
222	22	σοι
222	23	τῆς
222	24	πόλεως
223	1	ἔτι
223	2	τοίνυν
223	3	ἐν
223	4	αὐτῇ
223	6	δίκῃ
223	7	ἐξῆν
223	8	σοι
223	9	φυγῆς
223	10	τιμήσασθαι
223	11	εἰ
223	12	ἐβούλου
223	14	καὶ
223	15	ὅπερ
223	16	νῦν
223	17	ἀκούσης
223	19	πόλεως
223	20	ἐπιχειρεῖς
223	22	τότε
223	23	ἑκούσης
223	24	ποιῆσαι
224	1	σὺ
224	2	δὲ
224	3	τότε
224	5	ἐκαλλωπίζου
224	6	ὡς
224	7	οὐκ
224	8	ἀγανακτῶν
224	9	εἰ
224	10	δέοι
224	11	τεθνάναι
224	14	ἀλλὰ
224	15	ᾑροῦ
224	17	ὡς
224	18	ἔφησθα
224	20	πρὸ
224	22	φυγῆς
224	23	θάνατον
225	1	νῦν
225	2	δὲ
225	3	οὔτ’
225	4	ἐκείνους
225	6	λόγους
225	7	αἰσχύνῃ
225	9	οὔτε
225	10	ἡμῶν
225	12	νόμων
225	13	ἐντρέπῃ
225	15	ἐπιχειρῶν
225	16	διαφθεῖραι
225	18	πράττεις
225	19	τε
225	20	ἅπερ
225	21	ἂν
225	22	δοῦλος
225	24	φαυλότατος
225	25	πράξειεν
225	27	ἀποδιδράσκειν
225	28	ἐπιχειρῶν
225	29	παρὰ
225	31	συνθήκας
225	33	καὶ
225	35	ὁμολογίας
225	36	καθ’
225	37	ἃς
225	38	ἡμῖν
225	39	συνέθου
225	40	πολιτεύεσθαι
226	1	πρῶτον
226	3	οὖν
226	4	ἡμῖν
226	5	τοῦτ’
226	6	αὐτὸ
226	7	ἀπόκριναι
226	9	εἰ
226	10	ἀληθῆ
226	11	λέγομεν
226	12	φάσκοντές
226	13	σε
226	14	ὡμολογηκέναι
226	15	πολιτεύσεσθαι
226	16	καθ’
226	17	ἡμᾶς
226	18	ἔργῳ
226	19	ἀλλ’
226	20	οὐ
226	21	λόγῳ
226	23	ἢ
226	24	οὐκ
226	25	ἀληθῆ
227	1	τί
227	2	φῶμεν
227	3	πρὸς
227	4	ταῦτα
227	6	ὦ
227	7	Κρίτων
228	1	ἄλλο
228	2	τι
228	3	ἢ
228	4	ὁμολογῶμεν
229	1	ἀνάγκη
229	3	ὦ
229	4	Σώκρατες
230	1	ἄλλο
230	2	τι
230	3	οὖν
230	5	ἂν
230	6	φαῖεν
230	8	ἢ
230	9	συνθήκας
230	11	πρὸς
230	12	ἡμᾶς
230	13	αὐτοὺς
230	14	καὶ
230	15	ὁμολογίας
230	16	παραβαίνεις
230	18	οὐχ
230	19	ὑπὸ
230	20	ἀνάγκης
230	21	ὁμολογήσας
230	22	οὐδὲ
230	23	ἀπατηθεὶς
230	24	οὐδὲ
230	25	ἐν
230	26	ὀλίγῳ
230	27	χρόνῳ
230	28	ἀναγκασθεὶς
230	29	βουλεύσασθαι
230	31	ἀλλ’
230	32	ἐν
230	33	ἔτεσιν
230	34	ἑβδομήκοντα
230	38	ἐξῆν
230	39	σοι
230	40	ἀπιέναι
230	42	εἰ
230	43	μὴ
230	44	ἠρέσκομεν
230	45	ἡμεῖς
230	46	μηδὲ
230	47	δίκαιαι
230	48	ἐφαίνοντό
230	49	σοι
230	50	αἱ
230	51	ὁμολογίαι
231	1	σὺ
231	2	δὲ
231	3	οὔτε
231	4	Λακεδαίμονα
231	5	προῃροῦ
231	6	οὔτε
231	7	Κρήτην
231	9	ἃς
231	10	δὴ
231	11	ἑκάστοτε
231	12	φῂς
231	13	εὐνομεῖσθαι
231	15	οὔτε
231	16	ἄλλην
231	17	οὐδεμίαν
231	19	Ἑλληνίδων
231	20	πόλεων
231	21	οὐδὲ
231	22	τῶν
231	23	βαρβαρικῶν
231	25	ἀλλὰ
231	26	ἐλάττω
231	27	ἐξ
231	28	αὐτῆς
231	29	ἀπεδήμησας
231	30	ἢ
231	32	χωλοί
231	34	καὶ
231	35	τυφλοὶ
231	36	καὶ
231	38	ἄλλοι
231	39	ἀνάπηροι
232	1	οὕτω
232	2	σοι
232	3	διαφερόντως
232	5	ἄλλων
232	6	Ἀθηναίων
232	7	ἤρεσκεν
232	9	πόλις
232	10	τε
232	11	καὶ
232	12	ἡμεῖς
232	14	νόμοι
232	15	δῆλον
232	16	ὅτι
233	1	τίνι
233	2	γὰρ
233	3	ἂν
233	4	πόλις
233	5	ἀρέσκοι
233	6	ἄνευ
233	7	νόμων
234	1	νῦν
234	2	δὲ
234	4	οὐκ
234	5	ἐμμενεῖς
234	6	τοῖς
234	7	ὡμολογημένοις
235	1	ἐὰν
235	2	ἡμῖν
235	4	πείθῃ
235	6	ὦ
235	7	Σώκρατες
236	2	οὐ
236	3	καταγέλαστός
236	5	ἔσῃ
236	6	ἐκ
236	8	πόλεως
236	9	ἐξελθών
236	10	σκόπει
236	11	γὰρ
236	12	δή
236	14	ταῦτα
236	15	παραβὰς
236	16	καὶ
236	17	ἐξαμαρτάνων
236	18	τι
236	19	τούτων
236	20	τί
236	21	ἀγαθὸν
236	22	ἐργάσῃ
236	23	σαυτὸν
236	24	ἢ
236	26	ἐπιτηδείους
236	28	σαυτοῦ
237	1	ὅτι
237	3	γὰρ
237	4	κινδυνεύσουσί
237	6	σου
237	8	ἐπιτήδειοι
237	9	καὶ
237	10	αὐτοὶ
237	11	φεύγειν
237	12	καὶ
237	13	στερηθῆναι
237	15	πόλεως
237	16	ἢ
237	18	οὐσίαν
237	19	ἀπολέσαι
237	21	σχεδόν
237	23	δῆλον
238	1	αὐτὸς
238	2	δὲ
238	3	πρῶτον
238	5	ἐὰν
238	6	εἰς
238	8	ἐγγύτατά
238	9	τινα
238	10	πόλεων
238	11	ἔλθῃς
238	14	Θήβαζε
238	15	ἢ
238	16	Μέγαράδε
238	18	εὐνομοῦνται
238	19	γὰρ
238	20	ἀμφότεραι
238	22	πολέμιος
238	23	ἥξεις
238	25	ὦ
238	26	Σώκρατες
238	29	τούτων
238	30	πολιτείᾳ
238	32	καὶ
238	33	ὅσοιπερ
238	34	κήδονται
238	36	αὑτῶν
238	37	πόλεων
238	38	ὑποβλέψονταί
238	39	σε
238	40	διαφθορέα
238	41	ἡγούμενοι
238	43	νόμων
238	45	καὶ
238	46	βεβαιώσεις
238	48	δικασταῖς
238	50	δόξαν
238	52	ὥστε
238	53	δοκεῖν
238	54	ὀρθῶς
238	55	τὴν
238	56	δίκην
238	57	δικάσαι
239	1	ὅστις
239	2	γὰρ
239	3	νόμων
239	4	διαφθορεύς
239	5	ἐστιν
239	6	σφόδρα
239	8	δόξειεν
239	9	ἂν
239	10	νέων
239	11	γε
239	12	καὶ
239	13	ἀνοήτων
239	14	ἀνθρώπων
239	15	διαφθορεὺς
240	1	πότερον
240	2	οὖν
240	3	φεύξῃ
240	5	τε
240	6	εὐνομουμένας
240	7	πόλεις
240	8	καὶ
240	10	ἀνδρῶν
240	12	κοσμιωτάτους
241	1	καὶ
241	2	τοῦτο
241	3	ποιοῦντι
241	4	ἆρα
241	5	ἄξιόν
241	6	σοι
241	7	ζῆν
241	8	ἔσται
242	1	ἢ
242	2	πλησιάσεις
242	3	τούτοις
242	4	καὶ
242	5	ἀναισχυντήσεις
242	6	διαλεγόμενος
242	8	τίνας
242	9	λόγους
242	11	ὦ
242	12	Σώκρατες
243	2	οὕσπερ
243	3	ἐνθάδε
243	5	ὡς
243	7	ἀρετὴ
243	8	καὶ
243	10	δικαιοσύνη
243	11	πλείστου
243	12	ἄξιον
243	14	ἀνθρώποις
243	15	καὶ
243	17	νόμιμα
243	18	καὶ
243	20	νόμοι
244	1	καὶ
244	2	οὐκ
244	3	οἴει
244	4	ἄσχημον
244	5	ἂν
244	6	φανεῖσθαι
244	9	Σωκράτους
244	10	πρᾶγμα
245	1	οἴεσθαί
245	3	χρή
246	1	ἀλλ’
246	2	ἐκ
246	4	τούτων
246	6	τόπων
246	7	ἀπαρεῖς
246	9	ἥξεις
246	10	δὲ
246	11	εἰς
246	12	Θετταλίαν
246	13	παρὰ
246	15	ξένους
246	17	Κρίτωνος
247	1	ἐκεῖ
247	2	γὰρ
247	4	πλείστη
247	5	ἀταξία
247	6	καὶ
247	7	ἀκολασία
247	9	καὶ
247	10	ἴσως
247	11	ἂν
247	12	ἡδέως
247	13	σου
247	14	ἀκούοιεν
247	15	ὡς
247	16	γελοίως
247	17	ἐκ
247	19	δεσμωτηρίου
247	20	ἀπεδίδρασκες
247	21	σκευήν
247	23	τινα
247	24	περιθέμενος
247	26	ἢ
247	27	διφθέραν
247	28	λαβὼν
247	29	ἢ
247	30	ἄλλα
247	31	οἷα
247	33	εἰώθασιν
247	34	ἐνσκευάζεσθαι
247	35	οἱ
247	36	ἀποδιδράσκοντες
247	40	σχῆμα
247	42	σαυτοῦ
247	43	μεταλλάξας
248	1	ὅτι
248	3	γέρων
248	4	ἀνήρ
248	6	σμικροῦ
248	7	χρόνου
248	8	τῷ
248	9	βίῳ
248	10	λοιποῦ
248	11	ὄντος
248	12	ὡς
248	13	τὸ
248	14	εἰκός
248	16	ἐτόλμησας
248	17	οὕτω
248	18	γλίσχρως
248	19	ἐπιθυμεῖν
248	20	ζῆν
248	22	νόμους
248	24	μεγίστους
248	25	παραβάς
248	27	οὐδεὶς
248	29	ἐρεῖ
249	1	ἴσως
249	3	ἂν
249	4	μή
249	5	τινα
249	6	λυπῇς
250	1	εἰ
250	2	δὲ
250	3	μή
250	5	ἀκούσῃ
250	7	ὦ
250	8	Σώκρατες
250	10	πολλὰ
250	11	καὶ
250	12	ἀνάξια
250	13	σαυτοῦ
251	1	ὑπερχόμενος
251	2	δὴ
251	3	βιώσῃ
251	4	πάντας
251	5	ἀνθρώπους
251	6	καὶ
251	7	δουλεύων
251	9	τί
251	10	ποιῶν
251	11	ἢ
251	12	εὐωχούμενος
251	13	ἐν
251	14	Θετταλίᾳ
251	16	ὥσπερ
251	17	ἐπὶ
251	18	δεῖπνον
251	19	ἀποδεδημηκὼς
251	20	εἰς
251	21	Θετταλίαν
252	1	λόγοι
252	2	δὲ
252	3	ἐκεῖνοι
252	5	περὶ
252	6	δικαιοσύνης
252	7	τε
252	8	καὶ
252	10	ἄλλης
252	11	ἀρετῆς
252	12	ποῦ
252	13	ἡμῖν
252	14	ἔσονται
253	1	ἀλλὰ
253	3	τῶν
253	4	παίδων
253	5	ἕνεκα
253	6	βούλει
253	7	ζῆν
253	9	ἵνα
253	10	αὐτοὺς
253	11	ἐκθρέψῃς
253	12	καὶ
253	13	παιδεύσῃς
254	1	τί
254	2	δέ
255	1	εἰς
255	2	Θετταλίαν
255	3	αὐτοὺς
255	4	ἀγαγὼν
255	5	θρέψεις
255	7	καὶ
255	8	παιδεύσεις
255	10	ξένους
255	11	ποιήσας
255	13	ἵνα
255	14	καὶ
255	15	τοῦτο
255	16	ἀπολαύσωσιν
256	1	ἢ
256	2	τοῦτο
256	4	οὔ
256	6	αὐτοῦ
256	7	δὲ
256	8	τρεφόμενοι
256	9	σοῦ
256	10	ζῶντος
256	11	βέλτιον
256	12	θρέψονται
256	13	καὶ
256	14	παιδεύσονται
256	15	μὴ
256	16	συνόντος
256	17	σοῦ
256	18	αὐτοῖς
257	1	οἱ
257	2	γὰρ
257	3	ἐπιτήδειοι
257	5	σοὶ
257	6	ἐπιμελήσονται
257	7	αὐτῶν
258	1	πότερον
258	2	ἐὰν
258	4	εἰς
258	5	Θετταλίαν
258	6	ἀποδημήσῃς
258	8	ἐπιμελήσονται
258	10	ἐὰν
258	11	δὲ
258	12	εἰς
258	13	Ἅιδου
258	14	ἀποδημήσῃς
258	16	οὐχὶ
258	17	ἐπιμελήσονται
259	1	εἴπερ
259	3	τι
259	4	ὄφελος
259	5	αὐτῶν
259	6	ἐστιν
259	7	τῶν
259	8	σοι
259	9	φασκόντων
259	10	ἐπιτηδείων
259	11	εἶναι
259	13	οἴεσθαί
259	15	χρή
260	1	οὔτε
260	2	γὰρ
260	3	ἐνθάδε
260	4	σοι
260	5	φαίνεται
260	6	ταῦτα
260	7	πράττοντι
260	8	ἄμεινον
260	9	εἶναι
260	10	οὐδὲ
260	11	δικαιότερον
260	12	οὐδὲ
260	13	ὁσιώτερον
260	15	οὐδὲ
260	16	ἄλλῳ
260	17	τῶν
260	18	σῶν
260	19	οὐδενί
260	21	οὔτε
260	22	ἐκεῖσε
260	23	ἀφικομένῳ
260	24	ἄμεινον
260	25	ἔσται
261	1	ἀλλὰ
261	2	νῦν
261	4	ἠδικημένος
261	5	ἄπει
261	7	ἐὰν
261	8	ἀπίῃς
261	10	οὐχ
261	11	ὑφ’
261	12	ἡμῶν
261	14	νόμων
261	15	ἀλλὰ
261	16	ὑπ’
261	17	ἀνθρώπων
262	1	ἐὰν
262	2	δὲ
262	3	ἐξέλθῃς
262	4	οὕτως
262	5	αἰσχρῶς
262	6	ἀνταδικήσας
262	8	καὶ
262	9	ἀντικακουργήσας
262	12	σαυτοῦ
262	13	ὁμολογίας
262	15	καὶ
262	16	συνθήκας
262	18	πρὸς
262	19	ἡμᾶς
262	20	παραβὰς
262	21	καὶ
262	22	κακὰ
262	23	ἐργασάμενος
262	24	τούτους
262	25	οὓς
262	26	ἥκιστα
262	27	ἔδει
262	29	σαυτόν
262	30	τε
262	32	φίλους
262	33	καὶ
262	34	πατρίδα
262	35	καὶ
262	36	ἡμᾶς
262	38	ἡμεῖς
262	39	τέ
262	40	σοι
262	41	χαλεπανοῦμεν
262	42	ζῶντι
262	44	καὶ
262	45	ἐκεῖ
262	47	ἡμέτεροι
262	48	ἀδελφοὶ
262	50	ἐν
262	51	Ἅιδου
262	52	νόμοι
262	53	οὐκ
262	54	εὐμενῶς
262	55	σε
262	56	ὑποδέξονται
262	58	εἰδότες
262	59	ὅτι
262	61	ἡμᾶς
262	62	ἐπεχείρησας
262	63	ἀπολέσαι
262	64	τὸ
262	65	σὸν
262	66	μέρος
263	1	ἀλλὰ
263	2	μή
263	3	σε
263	4	πείσῃ
263	5	Κρίτων
263	6	ποιεῖν
263	7	ἃ
263	8	λέγει
263	9	μᾶλλον
263	10	ἢ
263	11	ἡμεῖς
263	12	ταῦτα
263	14	ὦ
263	15	φίλε
263	16	ἑταῖρε
263	17	Κρίτων
263	19	εὖ
263	20	ἴσθι
263	21	ὅτι
263	22	ἐγὼ
263	23	δοκῶ
263	24	ἀκούειν
263	26	ὥσπερ
263	28	κορυβαντιῶντες
263	30	αὐλῶν
263	31	δοκοῦσιν
263	32	ἀκούειν
263	34	καὶ
263	35	ἐν
263	36	ἐμοὶ
263	39	ἠχὴ
263	40	τούτων
263	42	λόγων
263	43	βομβεῖ
263	46	μὴ
263	47	δύνασθαι
263	48	τῶν
263	49	ἄλλων
263	50	ἀκούειν
264	1	ἀλλὰ
264	2	ἴσθι
264	4	ὅσα
264	7	νῦν
264	8	ἐμοὶ
264	9	δοκοῦντα
264	11	ἐὰν
264	12	λέγῃς
264	13	παρὰ
264	14	ταῦτα
264	16	μάτην
264	17	ἐρεῖς
265	1	ὅμως
265	3	εἴ
265	5	οἴει
265	6	πλέον
265	7	ποιήσειν
265	9	λέγε
266	1	ἀλλ’
266	3	ὦ
266	4	Σώκρατες
266	6	οὐκ
266	7	ἔχω
266	8	λέγειν
267	1	ἔα
267	2	τοίνυν
267	4	ὦ
267	5	Κρίτων
267	8	πράττωμεν
267	9	ταύτῃ
267	11	ἐπειδὴ
267	12	ταύτῃ
267	14	θεὸς
267	15	ὑφηγεῖται
